{"cameraMode":{"drawMode":0,"name":"Shaded","section":"Shading Mode"},"sceneLighting":true,"audioPlay":false,"sceneViewState":{"showFog":true,"showMaterialUpdate":false,"showSkybox":true,"showFlares":true,"showImageEffects":true,"showParticleSystems":true},"in2DMode":false,"pivot":{"x":-0.06869473308324814,"y":0.13584785163402558,"z":0.24531444907188416},"rotation":{"x":0.24165144562721253,"y":0.23865117132663728,"z":-0.06144630163908005,"w":0.9385493397712708},"size":2.8120834827423097,"orthographic":true}