{"cameraMode":{"drawMode":0,"name":"Shaded","section":"Shading Mode"},"sceneLighting":true,"audioPlay":false,"sceneViewState":{"showFog":true,"showMaterialUpdate":false,"showSkybox":true,"showFlares":true,"showImageEffects":true,"showParticleSystems":true},"in2DMode":false,"pivot":{"x":-0.09532921761274338,"y":0.10934749245643616,"z":-0.23619720339775086},"rotation":{"x":0.04656786844134331,"y":0.9398506283760071,"z":-0.1426214575767517,"w":0.30687353014945986},"size":1.0529558658599854,"orthographic":true}