{"cameraMode":{"drawMode":0,"name":"Shaded","section":"Shading Mode"},"sceneLighting":true,"audioPlay":false,"sceneViewState":{"showFog":true,"showMaterialUpdate":false,"showSkybox":true,"showFlares":true,"showImageEffects":true,"showParticleSystems":true},"in2DMode":false,"pivot":{"x":-0.15770508348941804,"y":0.19095343351364137,"z":-0.24610058963298798},"rotation":{"x":0.24165144562721253,"y":0.23865117132663728,"z":-0.06144630163908005,"w":0.9385493397712708},"size":1.0692987442016602,"orthographic":true}