{"cameraMode":{"drawMode":0,"name":"Shaded","section":"Shading Mode"},"sceneLighting":true,"audioPlay":false,"sceneViewState":{"showFog":true,"showMaterialUpdate":false,"showSkybox":true,"showFlares":true,"showImageEffects":true,"showParticleSystems":true},"in2DMode":false,"pivot":{"x":0.014672257006168366,"y":-0.05754951015114784,"z":0.08537133038043976},"rotation":{"x":0.056521620601415637,"y":0.8103020787239075,"z":-0.577870786190033,"w":0.07925575226545334},"size":1.6192008256912232,"orthographic":true}